test_accuracy,test_balanced_accuracy,test_roc_auc,test_pr_auc,test_f1,test_precision,test_recall,test_mcc,rep,train_dataset,val_dataset,analysis,cv,n_clients
0.782608695652174,0.7732246916926413,0.8441862040926955,0.8199134732991784,0.7368421052631579,,0.6687898089171974,0.56330530246896,0,all,all,count_taxa_metaphlan4_0,0,1
0.7507246376811594,0.7461843711843712,0.8030118030118031,0.7857181596312031,0.7171052631578947,,0.6987179487179487,0.4951305286440709,0,all,all,count_taxa_metaphlan4_0,1,1
0.7296511627906976,0.7215630114566285,0.7791530278232405,0.7668231961836613,0.6804123711340206,,0.6346153846153846,0.4517815088802398,0,all,all,count_taxa_metaphlan4_0,2,1
0.7063953488372093,0.6942853246044736,0.7675941080196398,0.7445248549899712,0.6353790613718412,,0.5641025641025641,0.4051035976374201,0,all,all,count_taxa_metaphlan4_0,3,1
0.7587209302325582,0.7481587561374795,0.8326172940534643,0.7961565295169947,0.7046263345195729,,0.6346153846153846,0.5137167888337454,0,all,all,count_taxa_metaphlan4_0,4,1
