test_accuracy,test_balanced_accuracy,test_roc_auc,test_pr_auc,test_f1,test_precision,test_recall,test_mcc,rep,train_dataset,val_dataset,analysis,cv,n_clients
0.7971014492753623,0.7865225640330669,0.8570266973844695,0.8365864915918614,0.75,,0.6687898089171974,0.595783583751751,0,all,all,count_taxa_0,0,1
0.7739130434782608,0.7656695156695157,0.8386921720255054,0.8077297459192332,0.7310344827586207,,0.6794871794871795,0.542589386205594,0,all,all,count_taxa_0,1,1
0.7354651162790697,0.7274277141298418,0.7795621931260229,0.7722785397204002,0.6872852233676976,,0.6410256410256411,0.46374002219624494,0,all,all,count_taxa_0,2,1
0.7296511627906976,0.7161074740861975,0.794530823786143,0.7695966529257732,0.6568265682656826,,0.5705128205128205,0.4561149900078536,0,all,all,count_taxa_0,3,1
0.7587209302325582,0.7465220949263502,0.8446194762684125,0.7982629545557042,0.6981818181818182,,0.6153846153846154,0.5160150037001824,0,all,all,count_taxa_0,4,1
